0.3518991697402195,0.36963580146513875,0.3412666584612638,0.3578924234702184,0.3645302000718628,0.3572516235938624,0.34404501863673703,0.35667262229460756,0.3579739726245272
0.3518991697402195,0.36963580146513875,0.3412666584612638,0.3578924234702184,0.3645302000718628,0.3572516235938624,0.34404501863673703,0.35667262229460756,0.3579739726245272
0.3518991697402195,0.36963580146513875,0.36,0.3578924234702184,0.3645302000718628,0.3572516235938624,0.34404501863673703,0.35667262229460756,0.3579739726245272
0.3518991697402195,0.36963580146513875,0.36,0.3578924234702184,0.3683048503829818,0.3572516235938624,0.34404501863673703,0.35667262229460756,0.3579739726245272
0.3518991697402195,0.36963580146513875,0.36,0.3578924234702184,0.3683048503829818,0.3572516235938624,0.3555766711325276,0.35667262229460756,0.3579739726245272
0.3518991697402195,0.36963580146513875,0.36,0.35667602169498264,0.3683048503829818,0.3572516235938624,0.3555766711325276,0.35667262229460756,0.3579739726245272
0.3518991697402195,0.36963580146513875,0.36,0.35667602169498264,0.3683048503829818,0.3572516235938624,0.3555766711325276,0.35667262229460756,0.3579739726245272
0.3518991697402195,0.36963580146513875,0.36,0.35667602169498264,0.3683048503829818,0.3572516235938624,0.3555766711325276,0.35667262229460756,0.3579739726245272
0.3518991697402195,0.3696371612252888,0.36,0.35667602169498264,0.3683048503829818,0.3572516235938624,0.3555766711325276,0.35667262229460756,0.3579739726245272
0.3518991697402195,0.3696371612252888,0.36,0.35667602169498264,0.3683048503829818,0.3572516235938624,0.3555766711325276,0.35667262229460756,0.3579739726245272
0.3518991697402195,0.3696371612252888,0.36,0.35667602169498264,0.3683048503829818,0.3572516235938624,0.3555766711325276,0.35667262229460756,0.3579739726245272
0.3518991697402195,0.3602302407595519,0.36,0.35667602169498264,0.3683048503829818,0.3572516235938624,0.3555766711325276,0.35667262229460756,0.3579739726245272
0.3518991697402195,0.3602302407595519,0.35748741191443284,0.35667602169498264,0.3683048503829818,0.3572516235938624,0.3555766711325276,0.35667262229460756,0.3579739726245272
0.3518991697402195,0.3602302407595519,0.35748741191443284,0.35600264131007364,0.3683048503829818,0.3572516235938624,0.3555766711325276,0.35667262229460756,0.3579739726245272
0.3518991697402195,0.3602302407595519,0.35748741191443284,0.35600264131007364,0.3580159199066245,0.3572516235938624,0.3555766711325276,0.35667262229460756,0.3579739726245272
0.3518991697402195,0.3602302407595519,0.35748741191443284,0.35600264131007364,0.3581436228515308,0.3572516235938624,0.3555766711325276,0.35667262229460756,0.3579739726245272
0.3518991697402195,0.3602302407595519,0.35748741191443284,0.35600264131007364,0.3581436228515308,0.3572516235938624,0.3558656107447935,0.35667262229460756,0.3579739726245272
0.3518991697402195,0.3602302407595519,0.35748741191443284,0.35600264131007364,0.3581436228515308,0.3572516235938624,0.35804015611964385,0.35667262229460756,0.3579739726245272
0.3518991697402195,0.3602302407595519,0.35748741191443284,0.35600264131007364,0.3581436228515308,0.3572516235938624,0.35804015611964385,0.35667262229460756,0.3579739726245272
0.3518991697402195,0.3602302407595519,0.35748741191443284,0.35600264131007364,0.3581436228515308,0.3572516235938624,0.35804015611964385,0.3545795939240959,0.3579739726245272
0.3518991697402195,0.3545795939240959,0.35748741191443284,0.35600264131007364,0.3581436228515308,0.3572516235938624,0.35804015611964385,0.3545795939240959,0.3579739726245272
0.3518991697402195,0.3545795939240959,0.35748741191443284,0.35600264131007364,0.3581436228515308,0.3572516235938624,0.35804015611964385,0.3522145827505321,0.3579739726245272
0.3518991697402195,0.358302640494483,0.35748741191443284,0.35600264131007364,0.3581436228515308,0.3572516235938624,0.35804015611964385,0.3522145827505321,0.3579739726245272
0.3518991697402195,0.358302640494483,0.35748741191443284,0.35600264131007364,0.3581436228515308,0.3572516235938624,0.35804015611964385,0.3522145827505321,0.3579739726245272
0.3518991697402195,0.358302640494483,0.35748741191443284,0.35600264131007364,0.3581436228515308,0.3572516235938624,0.35804015611964385,0.3522145827505321,0.3579739726245272
0.3518991697402195,0.358302640494483,0.35748741191443284,0.35600264131007364,0.3581436228515308,0.3572516235938624,0.35804015611964385,0.3522145827505321,0.3579739726245272
0.3518991697402195,0.358302640494483,0.35748741191443284,0.35600264131007364,0.3581436228515308,0.3572516235938624,0.35804015611964385,0.3522145827505321,0.3579739726245272
0.3518991697402195,0.358302640494483,0.35748741191443284,0.35600264131007364,0.3581436228515308,0.3572516235938624,0.35804015611964385,0.35820832516625484,0.3579739726245272
0.3518991697402195,0.358302640494483,0.35748741191443284,0.35600264131007364,0.3581436228515308,0.3572516235938624,0.35804015611964385,0.35820832516625484,0.3579739726245272
0.3518991697402195,0.358302640494483,0.35748741191443284,0.35600264131007364,0.3581436228515308,0.3572516235938624,0.35804015611964385,0.3583382471355685,0.3579739726245272
0.3518991697402195,0.358302640494483,0.35748741191443284,0.35600264131007364,0.3581436228515308,0.3572516235938624,0.35804015611964385,0.35179417599028384,0.3579739726245272
0.3518991697402195,0.3526505686068667,0.35748741191443284,0.35600264131007364,0.3581436228515308,0.3572516235938624,0.35804015611964385,0.35179417599028384,0.3579739726245272
0.3518991697402195,0.3526505686068667,0.35748741191443284,0.35600264131007364,0.3526505686068667,0.3572516235938624,0.35804015611964385,0.35179417599028384,0.3579739726245272
0.3518991697402195,0.3526505686068667,0.35748741191443284,0.35600264131007364,0.3526505686068667,0.3572516235938624,0.35804015611964385,0.35179417599028384,0.3579739726245272
0.3518991697402195,0.3526505686068667,0.35748741191443284,0.35600264131007364,0.35578154362798925,0.3572516235938624,0.35804015611964385,0.35179417599028384,0.3579739726245272
0.3518991697402195,0.3526505686068667,0.35748741191443284,0.35600264131007364,0.3509671824789508,0.3572516235938624,0.35804015611964385,0.35179417599028384,0.3579739726245272
0.3518991697402195,0.3526505686068667,0.3523197712023335,0.35600264131007364,0.3509671824789508,0.3572516235938624,0.35804015611964385,0.35179417599028384,0.3579739726245272
0.3518991697402195,0.3526505686068667,0.3587135105708102,0.35600264131007364,0.3509671824789508,0.3572516235938624,0.35804015611964385,0.35179417599028384,0.3579739726245272
0.3518991697402195,0.3526505686068667,0.3587135105708102,0.35541830243907724,0.3509671824789508,0.3572516235938624,0.35804015611964385,0.35179417599028384,0.3579739726245272
0.3518991697402195,0.3526505686068667,0.3587135105708102,0.35541830243907724,0.3509671824789508,0.352285265731644,0.35804015611964385,0.35179417599028384,0.3579739726245272
0.3518991697402195,0.3526505686068667,0.3587135105708102,0.35541830243907724,0.3509671824789508,0.352285265731644,0.3545968920485144,0.35179417599028384,0.3579739726245272
0.3518991697402195,0.3526505686068667,0.3587135105708102,0.35541830243907724,0.3509671824789508,0.352285265731644,0.3545968920485144,0.35179417599028384,0.3579739726245272
0.3518991697402195,0.3526505686068667,0.3587135105708102,0.35541830243907724,0.3509671824789508,0.352285265731644,0.3545968920485144,0.35179417599028384,0.3579739726245272
0.3518991697402195,0.3526505686068667,0.3587135105708102,0.35541830243907724,0.3509671824789508,0.352285265731644,0.3545968920485144,0.35179417599028384,0.3579739726245272
0.3518991697402195,0.3526505686068667,0.3587135105708102,0.35541830243907724,0.3509671824789508,0.352285265731644,0.3545968920485144,0.35179417599028384,0.3579739726245272
0.3518991697402195,0.3526505686068667,0.3587135105708102,0.35541830243907724,0.3509671824789508,0.352285265731644,0.3545968920485144,0.35179417599028384,0.35905306154784516
0.3518991697402195,0.3526505686068667,0.3587135105708102,0.35541830243907724,0.3509671824789508,0.352285265731644,0.3545968920485144,0.35179417599028384,0.35905306154784516
0.3518991697402195,0.3526505686068667,0.3587135105708102,0.35541830243907724,0.3509671824789508,0.352285265731644,0.3545968920485144,0.35179417599028384,0.35905306154784516
0.3518991697402195,0.3526505686068667,0.3587135105708102,0.35541830243907724,0.3509671824789508,0.352285265731644,0.3546557327133341,0.35179417599028384,0.35905306154784516
0.3518991697402195,0.3526505686068667,0.3587135105708102,0.35541830243907724,0.3509671824789508,0.352285265731644,0.3498828347746562,0.35179417599028384,0.35905306154784516
0.3518991697402195,0.3526505686068667,0.3587135105708102,0.35541830243907724,0.3509671824789508,0.352285265731644,0.3498828347746562,0.35179417599028384,0.35905306154784516
0.3518991697402195,0.3526505686068667,0.3587135105708102,0.35541830243907724,0.3509671824789508,0.352285265731644,0.3489824778975911,0.35179417599028384,0.35905306154784516
0.3518991697402195,0.3526505686068667,0.3587135105708102,0.35541830243907724,0.3509671824789508,0.352285265731644,0.3489824778975911,0.35179417599028384,0.35905306154784516
0.3518991697402195,0.3526505686068667,0.3587135105708102,0.35541830243907724,0.3509671824789508,0.352285265731644,0.352901269523168,0.35179417599028384,0.35905306154784516
0.3518991697402195,0.3526505686068667,0.3587135105708102,0.35541830243907724,0.3509671824789508,0.352285265731644,0.352901269523168,0.35179417599028384,0.35905306154784516
0.3518991697402195,0.3526505686068667,0.3587135105708102,0.35541830243907724,0.3509671824789508,0.352285265731644,0.35187693378917984,0.35179417599028384,0.35905306154784516
0.3518991697402195,0.3526505686068667,0.3587135105708102,0.35541830243907724,0.3509671824789508,0.352285265731644,0.351493616443625,0.35179417599028384,0.35905306154784516
0.3518991697402195,0.3526505686068667,0.3587135105708102,0.35541830243907724,0.3509671824789508,0.352285265731644,0.351493616443625,0.35179417599028384,0.35905306154784516
0.3518991697402195,0.3526505686068667,0.3587135105708102,0.35541830243907724,0.3509671824789508,0.352285265731644,0.351493616443625,0.35179417599028384,0.35905306154784516
0.3518991697402195,0.3526505686068667,0.3587135105708102,0.35541830243907724,0.3509671824789508,0.352285265731644,0.351493616443625,0.35179417599028384,0.35905306154784516
0.3518991697402195,0.3526505686068667,0.3587135105708102,0.35541830243907724,0.3509671824789508,0.352285265731644,0.351493616443625,0.35179417599028384,0.35905306154784516
0.3518991697402195,0.3526505686068667,0.3587135105708102,0.35541830243907724,0.3509671824789508,0.352285265731644,0.34994345028038626,0.35179417599028384,0.35905306154784516
0.3518991697402195,0.3526505686068667,0.3587135105708102,0.35541830243907724,0.3509671824789508,0.352285265731644,0.34994345028038626,0.35179417599028384,0.35905306154784516
0.3518991697402195,0.3526505686068667,0.3587135105708102,0.35541830243907724,0.3509671824789508,0.352285265731644,0.34994345028038626,0.3473721523447198,0.35905306154784516
0.3518991697402195,0.3526505686068667,0.3587135105708102,0.35541830243907724,0.3509671824789508,0.352285265731644,0.34994345028038626,0.3473721523447198,0.35905306154784516
0.3518991697402195,0.3526505686068667,0.3587135105708102,0.35541830243907724,0.3509671824789508,0.352285265731644,0.34994345028038626,0.3473721523447198,0.35905306154784516
0.3518991697402195,0.3526505686068667,0.3587135105708102,0.35541830243907724,0.3509671824789508,0.352285265731644,0.34994345028038626,0.3473721523447198,0.35905306154784516
0.3518991697402195,0.3590621469460608,0.3587135105708102,0.35541830243907724,0.3509671824789508,0.352285265731644,0.34994345028038626,0.3473721523447198,0.35905306154784516
0.3518991697402195,0.3590621469460608,0.3587135105708102,0.35541830243907724,0.3509671824789508,0.352285265731644,0.34994345028038626,0.3603153616290341,0.35905306154784516
0.3518991697402195,0.3590621469460608,0.3587135105708102,0.35541830243907724,0.35871714473009647,0.352285265731644,0.34994345028038626,0.3603153616290341,0.35905306154784516
0.3518991697402195,0.3590621469460608,0.3587135105708102,0.35541830243907724,0.35871714473009647,0.352285265731644,0.34994345028038626,0.3603153616290341,0.35905306154784516
0.3518991697402195,0.3590621469460608,0.3587135105708102,0.35541830243907724,0.35871714473009647,0.352285265731644,0.34994345028038626,0.3603153616290341,0.35905306154784516
0.3518991697402195,0.3590621469460608,0.3587135105708102,0.35541830243907724,0.35871714473009647,0.352285265731644,0.34994345028038626,0.3603153616290341,0.35905306154784516
0.3518991697402195,0.3590621469460608,0.3587135105708102,0.359378635448531,0.35871714473009647,0.352285265731644,0.34994345028038626,0.3603153616290341,0.35905306154784516
0.3518991697402195,0.3590621469460608,0.3587135105708102,0.359378635448531,0.35871714473009647,0.352285265731644,0.3639592061360177,0.3603153616290341,0.35905306154784516
0.3518991697402195,0.3590621469460608,0.3587135105708102,0.359378635448531,0.35871714473009647,0.352285265731644,0.3639592061360177,0.3603153616290341,0.35905306154784516
0.3518991697402195,0.3590621469460608,0.3587135105708102,0.359378635448531,0.35871714473009647,0.352285265731644,0.3591923765063351,0.3603153616290341,0.35905306154784516
0.3518991697402195,0.3590621469460608,0.3593281968971491,0.359378635448531,0.35871714473009647,0.352285265731644,0.3591923765063351,0.3603153616290341,0.35905306154784516
0.3518991697402195,0.3590621469460608,0.35913665052293914,0.359378635448531,0.35871714473009647,0.352285265731644,0.3591923765063351,0.3603153616290341,0.35905306154784516
0.3518991697402195,0.3590621469460608,0.3593601788234722,0.359378635448531,0.35871714473009647,0.352285265731644,0.3591923765063351,0.3603153616290341,0.35905306154784516
0.3518991697402195,0.3590621469460608,0.35956872815902646,0.359378635448531,0.35871714473009647,0.352285265731644,0.3591923765063351,0.3603153616290341,0.35905306154784516
0.3518991697402195,0.3590621469460608,0.35956872815902646,0.359378635448531,0.35871714473009647,0.352285265731644,0.3591923765063351,0.3603153616290341,0.35905306154784516
0.3518991697402195,0.3590621469460608,0.35956872815902646,0.359378635448531,0.35956706697853635,0.352285265731644,0.3591923765063351,0.3603153616290341,0.35905306154784516
0.3518991697402195,0.3590621469460608,0.35956872815902646,0.359378635448531,0.3559949880507341,0.352285265731644,0.3591923765063351,0.3603153616290341,0.35905306154784516
0.3518991697402195,0.3590621469460608,0.35956872815902646,0.359378635448531,0.3559949880507341,0.352285265731644,0.3591923765063351,0.3603153616290341,0.35905306154784516
0.3518991697402195,0.3590621469460608,0.35956872815902646,0.359378635448531,0.3559949880507341,0.352285265731644,0.3591923765063351,0.3603153616290341,0.35905306154784516
0.3518991697402195,0.3590621469460608,0.35956872815902646,0.359378635448531,0.3559949880507341,0.352285265731644,0.3591923765063351,0.3603153616290341,0.35905306154784516
0.3518991697402195,0.3590621469460608,0.35956872815902646,0.359378635448531,0.3559949880507341,0.352285265731644,0.3591923765063351,0.352285265731644,0.35905306154784516
0.3518991697402195,0.3590621469460608,0.35667151712205053,0.359378635448531,0.3559949880507341,0.352285265731644,0.3591923765063351,0.352285265731644,0.35905306154784516
0.3518991697402195,0.3590621469460608,0.35667151712205053,0.359378635448531,0.3559949880507341,0.352285265731644,0.3591923765063351,0.352285265731644,0.35905306154784516
0.3518991697402195,0.3590621469460608,0.3524397041282138,0.359378635448531,0.3559949880507341,0.352285265731644,0.3591923765063351,0.352285265731644,0.35905306154784516
0.3518991697402195,0.3590621469460608,0.3524397041282138,0.359378635448531,0.3559949880507341,0.352285265731644,0.3591923765063351,0.352285265731644,0.35905306154784516
0.3518991697402195,0.3590621469460608,0.3588601789330706,0.359378635448531,0.3559949880507341,0.352285265731644,0.3591923765063351,0.352285265731644,0.35905306154784516
0.3518991697402195,0.3590621469460608,0.36162302324294704,0.359378635448531,0.3559949880507341,0.352285265731644,0.3591923765063351,0.352285265731644,0.35905306154784516
0.3518991697402195,0.3590621469460608,0.36162302324294704,0.359378635448531,0.3559949880507341,0.352285265731644,0.3591923765063351,0.352285265731644,0.35905306154784516
0.3518991697402195,0.3590621469460608,0.36162302324294704,0.359378635448531,0.3559949880507341,0.352285265731644,0.3591923765063351,0.36294260294893615,0.35905306154784516
0.3518991697402195,0.3590621469460608,0.36162302324294704,0.359378635448531,0.3559949880507341,0.352285265731644,0.3591923765063351,0.35646135274208474,0.35905306154784516
0.3518991697402195,0.3590621469460608,0.36162302324294704,0.359378635448531,0.3559949880507341,0.352285265731644,0.3591923765063351,0.3578947465208949,0.35905306154784516
0.3518991697402195,0.3590621469460608,0.36162302324294704,0.359378635448531,0.3559949880507341,0.3591960106656214,0.3591923765063351,0.3578947465208949,0.35905306154784516
0.3518991697402195,0.3611560630728807,0.36162302324294704,0.359378635448531,0.3559949880507341,0.3591960106656214,0.3591923765063351,0.3578947465208949,0.35905306154784516
0.3518991697402195,0.3611560630728807,0.36162302324294704,0.359378635448531,0.3559949880507341,0.3591960106656214,0.3591923765063351,0.3578947465208949,0.35859882093528067
0.3518991697402195,0.3611560630728807,0.36162302324294704,0.359378635448531,0.3559949880507341,0.3591960106656214,0.3591923765063351,0.3578947465208949,0.362903432288902
0.3518991697402195,0.3611560630728807,0.36162302324294704,0.359378635448531,0.35859369420730347,0.3591960106656214,0.3591923765063351,0.3578947465208949,0.362903432288902
0.3518991697402195,0.3620538181906471,0.36162302324294704,0.359378635448531,0.35859369420730347,0.3591960106656214,0.3591923765063351,0.3578947465208949,0.362903432288902
0.3518991697402195,0.3603508941431758,0.36162302324294704,0.359378635448531,0.35859369420730347,0.3591960106656214,0.3591923765063351,0.3578947465208949,0.362903432288902
0.3518991697402195,0.357432157773015,0.36162302324294704,0.359378635448531,0.35859369420730347,0.3591960106656214,0.3591923765063351,0.3578947465208949,0.362903432288902
0.3518991697402195,0.3621993447955739,0.36162302324294704,0.359378635448531,0.35859369420730347,0.3591960106656214,0.3591923765063351,0.3578947465208949,0.362903432288902
0.3518991697402195,0.3621993447955739,0.36162302324294704,0.359378635448531,0.36314290520851467,0.3591960106656214,0.3591923765063351,0.3578947465208949,0.362903432288902
0.3518991697402195,0.3621993447955739,0.36162302324294704,0.359378635448531,0.35197367331709783,0.3591960106656214,0.3591923765063351,0.3578947465208949,0.362903432288902
0.3518991697402195,0.3621993447955739,0.36162302324294704,0.359378635448531,0.35197367331709783,0.3591960106656214,0.3591923765063351,0.36042023592725153,0.362903432288902
0.3518991697402195,0.3621993447955739,0.36162302324294704,0.359378635448531,0.35197367331709783,0.3591960106656214,0.3591923765063351,0.36042023592725153,0.362903432288902
0.3518991697402195,0.3621993447955739,0.36162302324294704,0.359378635448531,0.35197367331709783,0.3591960106656214,0.34808413191600684,0.36042023592725153,0.362903432288902
0.3518991697402195,0.35098039477243764,0.36162302324294704,0.359378635448531,0.35197367331709783,0.3591960106656214,0.34808413191600684,0.36042023592725153,0.362903432288902
0.3518991697402195,0.35098039477243764,0.36162302324294704,0.359378635448531,0.35197367331709783,0.3591960106656214,0.34808413191600684,0.36042023592725153,0.35717827174310124
0.3518991697402195,0.35098039477243764,0.36162302324294704,0.359378635448531,0.35197367331709783,0.3591960106656214,0.35717827174310124,0.36042023592725153,0.35717827174310124
0.3518991697402195,0.35098039477243764,0.354216286890528,0.359378635448531,0.35197367331709783,0.3591960106656214,0.35717827174310124,0.36042023592725153,0.35717827174310124
0.3518991697402195,0.35098039477243764,0.354216286890528,0.359378635448531,0.35197367331709783,0.3591960106656214,0.35717827174310124,0.35285381879926975,0.35717827174310124
0.3518991697402195,0.35844664105488855,0.354216286890528,0.359378635448531,0.35197367331709783,0.3591960106656214,0.35717827174310124,0.35285381879926975,0.35717827174310124
0.3518991697402195,0.35844664105488855,0.3550964323726999,0.359378635448531,0.35197367331709783,0.3591960106656214,0.35717827174310124,0.35285381879926975,0.35717827174310124
0.3518991697402195,0.3525072452775836,0.3550964323726999,0.359378635448531,0.35197367331709783,0.3591960106656214,0.35717827174310124,0.35285381879926975,0.35717827174310124
0.3518991697402195,0.35464139499656055,0.3550964323726999,0.359378635448531,0.35197367331709783,0.3591960106656214,0.35717827174310124,0.35285381879926975,0.35717827174310124
0.3518991697402195,0.3572669946473783,0.3550964323726999,0.359378635448531,0.35197367331709783,0.3591960106656214,0.35717827174310124,0.35285381879926975,0.35717827174310124
0.3518991697402195,0.3572669946473783,0.3550964323726999,0.359378635448531,0.354216286890528,0.3591960106656214,0.35717827174310124,0.35285381879926975,0.35717827174310124
0.3518991697402195,0.3572669946473783,0.3550964323726999,0.3533666511951673,0.354216286890528,0.3591960106656214,0.35717827174310124,0.35285381879926975,0.35717827174310124
0.3518991697402195,0.3572669946473783,0.3550964323726999,0.3533666511951673,0.354216286890528,0.3591960106656214,0.35717827174310124,0.35285381879926975,0.35259504478787007
0.3518991697402195,0.3572669946473783,0.3550964323726999,0.3533666511951673,0.354216286890528,0.360925791843154,0.35717827174310124,0.35285381879926975,0.35259504478787007
0.3518991697402195,0.3572669946473783,0.35737050425193817,0.3533666511951673,0.354216286890528,0.360925791843154,0.35717827174310124,0.35285381879926975,0.35259504478787007
0.3518991697402195,0.3572669946473783,0.35737050425193817,0.3533666511951673,0.354216286890528,0.360925791843154,0.35717827174310124,0.35285381879926975,0.35259504478787007
0.3518991697402195,0.3572669946473783,0.35737050425193817,0.3533666511951673,0.354216286890528,0.360925791843154,0.35717827174310124,0.35285381879926975,0.35259504478787007
0.3518991697402195,0.3572669946473783,0.35737050425193817,0.3533666511951673,0.354216286890528,0.360925791843154,0.35717827174310124,0.35285381879926975,0.35259504478787007
0.3518991697402195,0.3572669946473783,0.35737050425193817,0.3533666511951673,0.354216286890528,0.354216286890528,0.35717827174310124,0.35285381879926975,0.35259504478787007
0.3518991697402195,0.3572669946473783,0.35737050425193817,0.3533666511951673,0.35561813436221684,0.354216286890528,0.35717827174310124,0.35285381879926975,0.35259504478787007
0.3518991697402195,0.3572669946473783,0.35604957767262047,0.3533666511951673,0.35561813436221684,0.354216286890528,0.35717827174310124,0.35285381879926975,0.35259504478787007
0.3518991697402195,0.35837272087255717,0.35604957767262047,0.3533666511951673,0.35561813436221684,0.354216286890528,0.35717827174310124,0.35285381879926975,0.35259504478787007
0.3518991697402195,0.35837272087255717,0.35604957767262047,0.3533666511951673,0.35561813436221684,0.354216286890528,0.35717827174310124,0.35285381879926975,0.35259504478787007
0.3518991697402195,0.35837272087255717,0.35604957767262047,0.3533666511951673,0.35561813436221684,0.354216286890528,0.35717827174310124,0.35285381879926975,0.35259504478787007
0.3518991697402195,0.35837272087255717,0.35604957767262047,0.35125067289915635,0.35561813436221684,0.354216286890528,0.35717827174310124,0.35285381879926975,0.35259504478787007
0.3518991697402195,0.35837272087255717,0.35604957767262047,0.35125067289915635,0.35561813436221684,0.354216286890528,0.35004143706941765,0.35285381879926975,0.35259504478787007
0.3518991697402195,0.35837272087255717,0.35604957767262047,0.35125067289915635,0.35561813436221684,0.354216286890528,0.35004143706941765,0.34952130527801395,0.35259504478787007
0.3518991697402195,0.35361084603893933,0.35604957767262047,0.35125067289915635,0.35561813436221684,0.354216286890528,0.35004143706941765,0.34952130527801395,0.35259504478787007
0.3518991697402195,0.35361084603893933,0.3558603107028523,0.35125067289915635,0.35561813436221684,0.354216286890528,0.35004143706941765,0.34952130527801395,0.35259504478787007
0.3518991697402195,0.35361084603893933,0.3558603107028523,0.35125067289915635,0.35561813436221684,0.354216286890528,0.35004143706941765,0.34952130527801395,0.35602445486264456
0.3518991697402195,0.352107222456781,0.3558603107028523,0.35125067289915635,0.35561813436221684,0.354216286890528,0.35004143706941765,0.34952130527801395,0.35602445486264456
0.3518991697402195,0.352107222456781,0.3536894045328375,0.35125067289915635,0.35561813436221684,0.354216286890528,0.35004143706941765,0.34952130527801395,0.35602445486264456
0.3518991697402195,0.352107222456781,0.3536894045328375,0.35125067289915635,0.35561813436221684,0.354216286890528,0.35004143706941765,0.34952130527801395,0.35602445486264456
0.3518991697402195,0.352107222456781,0.3536894045328375,0.35125067289915635,0.35561813436221684,0.354216286890528,0.35004143706941765,0.34952130527801395,0.35602445486264456
0.3518991697402195,0.352107222456781,0.3536894045328375,0.3535834140601054,0.35561813436221684,0.354216286890528,0.35004143706941765,0.34952130527801395,0.35602445486264456
0.3518991697402195,0.352107222456781,0.3536894045328375,0.3535834140601054,0.35561813436221684,0.354216286890528,0.35004143706941765,0.3535834140601054,0.35602445486264456
0.3518991697402195,0.352107222456781,0.3536894045328375,0.3535834140601054,0.35561813436221684,0.354216286890528,0.3535834140601054,0.3535834140601054,0.35602445486264456
0.3518991697402195,0.352107222456781,0.3536894045328375,0.3575120407114435,0.35561813436221684,0.354216286890528,0.3535834140601054,0.3535834140601054,0.35602445486264456
0.3518991697402195,0.352107222456781,0.3536894045328375,0.3575120407114435,0.35561813436221684,0.354216286890528,0.3535834140601054,0.3535834140601054,0.35602445486264456
0.3518991697402195,0.352107222456781,0.3536894045328375,0.35755443690053634,0.35561813436221684,0.354216286890528,0.3535834140601054,0.3535834140601054,0.35602445486264456
0.3518991697402195,0.352107222456781,0.3536894045328375,0.35755443690053634,0.35561813436221684,0.354216286890528,0.3535834140601054,0.3535834140601054,0.3540537586903569
0.3518991697402195,0.352107222456781,0.3536894045328375,0.35755443690053634,0.35436932932090776,0.354216286890528,0.3535834140601054,0.3535834140601054,0.3540537586903569
0.3518991697402195,0.352107222456781,0.3536894045328375,0.35755443690053634,0.35436932932090776,0.3581449135418661,0.3535834140601054,0.3535834140601054,0.3540537586903569
0.3518991697402195,0.352107222456781,0.3536894045328375,0.35755443690053634,0.35436932932090776,0.35409615487944973,0.3535834140601054,0.3535834140601054,0.3540537586903569
0.3518991697402195,0.352107222456781,0.3536894045328375,0.35755443690053634,0.35436932932090776,0.35196148079377326,0.3535834140601054,0.3535834140601054,0.3540537586903569
0.3518991697402195,0.352107222456781,0.3536894045328375,0.35755443690053634,0.35436932932090776,0.35196148079377326,0.35299293741877563,0.3535834140601054,0.3540537586903569
0.3518991697402195,0.352107222456781,0.3536894045328375,0.35755443690053634,0.35436932932090776,0.35196148079377326,0.35299293741877563,0.3535834140601054,0.3540537586903569
0.3518991697402195,0.352107222456781,0.3536894045328375,0.35755443690053634,0.35436932932090776,0.35196148079377326,0.35299293741877563,0.3535834140601054,0.3540537586903569
0.3518991697402195,0.35151051875533534,0.3536894045328375,0.35755443690053634,0.35436932932090776,0.35196148079377326,0.35299293741877563,0.3535834140601054,0.3540537586903569
0.3518991697402195,0.35151051875533534,0.3536894045328375,0.35755443690053634,0.35436932932090776,0.35196148079377326,0.35299293741877563,0.3535834140601054,0.3540537586903569
0.3518991697402195,0.35151051875533534,0.3536894045328375,0.35755443690053634,0.35436932932090776,0.35196148079377326,0.35299293741877563,0.3535834140601054,0.3540537586903569
0.3518991697402195,0.35151051875533534,0.3536894045328375,0.35755443690053634,0.35436932932090776,0.35196148079377326,0.35299293741877563,0.3535834140601054,0.3540537586903569
0.3518991697402195,0.35151051875533534,0.3536894045328375,0.35755443690053634,0.35436932932090776,0.35196148079377326,0.3517733429416727,0.3535834140601054,0.3540537586903569
0.3518991697402195,0.35151051875533534,0.3536894045328375,0.35755443690053634,0.35436932932090776,0.35196148079377326,0.3517733429416727,0.3535834140601054,0.3540537586903569
0.3518991697402195,0.35151051875533534,0.3536894045328375,0.35755443690053634,0.35436932932090776,0.35196148079377326,0.3517733429416727,0.3535834140601054,0.3540537586903569
0.3518991697402195,0.35151051875533534,0.3536894045328375,0.35755443690053634,0.35436932932090776,0.35196148079377326,0.3517733429416727,0.3535834140601054,0.3540537586903569
0.3518991697402195,0.35151051875533534,0.3536894045328375,0.3545512401128924,0.35436932932090776,0.35196148079377326,0.3517733429416727,0.3535834140601054,0.3540537586903569
0.3518991697402195,0.35151051875533534,0.3536894045328375,0.3545512401128924,0.35436932932090776,0.35196148079377326,0.3517733429416727,0.3535834140601054,0.3547067005068461
0.3518991697402195,0.35151051875533534,0.3536894045328375,0.3545512401128924,0.35436932932090776,0.35196148079377326,0.3517733429416727,0.3535834140601054,0.3536885437346403
0.3518991697402195,0.35151051875533534,0.3536894045328375,0.3545512401128924,0.35436932932090776,0.35196148079377326,0.3514286087096507,0.3535834140601054,0.3536885437346403
0.3518991697402195,0.35151051875533534,0.3536894045328375,0.3545512401128924,0.35436932932090776,0.35196148079377326,0.3514286087096507,0.3535834140601054,0.3536885437346403
0.3518991697402195,0.35151051875533534,0.3536894045328375,0.3545512401128924,0.35436932932090776,0.35196148079377326,0.3514286087096507,0.3535834140601054,0.3536885437346403
0.3518991697402195,0.35151051875533534,0.35364726610289654,0.3545512401128924,0.35436932932090776,0.35196148079377326,0.3514286087096507,0.3535834140601054,0.3536885437346403
0.3518991697402195,0.35151051875533534,0.35364726610289654,0.3545512401128924,0.3523671255170826,0.35196148079377326,0.3514286087096507,0.3535834140601054,0.3536885437346403
0.3518991697402195,0.35151051875533534,0.35364726610289654,0.3545512401128924,0.3523671255170826,0.35196148079377326,0.3514286087096507,0.3535834140601054,0.3536885437346403
0.3518991697402195,0.35151051875533534,0.35364726610289654,0.3545512401128924,0.3523671255170826,0.35196148079377326,0.3514286087096507,0.3535834140601054,0.3536885437346403
0.3518991697402195,0.35151051875533534,0.35364726610289654,0.3545512401128924,0.3523671255170826,0.35196148079377326,0.3514286087096507,0.3535834140601054,0.3536885437346403
0.3518991697402195,0.35151051875533534,0.3527610918804014,0.3545512401128924,0.3523671255170826,0.35196148079377326,0.3514286087096507,0.3535834140601054,0.3536885437346403
0.3518991697402195,0.35151051875533534,0.3527610918804014,0.3545512401128924,0.3515702408683379,0.35196148079377326,0.3514286087096507,0.3535834140601054,0.3536885437346403
0.3518991697402195,0.35151051875533534,0.3527610918804014,0.3545512401128924,0.3515702408683379,0.350708318728156,0.3514286087096507,0.3535834140601054,0.3536885437346403
0.3518991697402195,0.35151051875533534,0.3527610918804014,0.3515281889985239,0.3515702408683379,0.350708318728156,0.3514286087096507,0.3535834140601054,0.3536885437346403
0.3518991697402195,0.35151051875533534,0.3527610918804014,0.3515281889985239,0.3515702408683379,0.350708318728156,0.3514286087096507,0.3535834140601054,0.35367172298671473
0.3518991697402195,0.35151051875533534,0.3527610918804014,0.3515281889985239,0.35257864684243045,0.350708318728156,0.3514286087096507,0.3535834140601054,0.35367172298671473
0.3518991697402195,0.351839447627217,0.3527610918804014,0.3515281889985239,0.35257864684243045,0.350708318728156,0.3514286087096507,0.3535834140601054,0.35367172298671473
0.3518991697402195,0.351839447627217,0.3527610918804014,0.3515281889985239,0.35257864684243045,0.350708318728156,0.3514286087096507,0.3535834140601054,0.35367172298671473
0.3518991697402195,0.351839447627217,0.35168140113160484,0.3515281889985239,0.35257864684243045,0.350708318728156,0.3514286087096507,0.3535834140601054,0.35367172298671473
0.3518991697402195,0.351839447627217,0.35168140113160484,0.3515281889985239,0.35257864684243045,0.3540919061242774,0.3514286087096507,0.3535834140601054,0.35367172298671473
0.3518991697402195,0.351839447627217,0.35168140113160484,0.3515281889985239,0.35257864684243045,0.3540919061242774,0.3540919061242774,0.3535834140601054,0.35367172298671473
0.3518991697402195,0.351839447627217,0.35168140113160484,0.3515281889985239,0.35257864684243045,0.3540919061242774,0.35286337173728854,0.3535834140601054,0.35367172298671473
0.3518991697402195,0.351839447627217,0.35168140113160484,0.3515281889985239,0.35257864684243045,0.3540919061242774,0.35286337173728854,0.3535834140601054,0.35367172298671473
0.3518991697402195,0.351839447627217,0.35168140113160484,0.3515281889985239,0.35257864684243045,0.3540919061242774,0.35286337173728854,0.3535834140601054,0.35367172298671473
0.3518991697402195,0.351839447627217,0.35168140113160484,0.3515281889985239,0.35257864684243045,0.3540919061242774,0.35286337173728854,0.3535834140601054,0.35367172298671473
0.3518991697402195,0.351839447627217,0.35168140113160484,0.3515281889985239,0.35257864684243045,0.3540919061242774,0.35286337173728854,0.3535834140601054,0.35367172298671473
0.3518991697402195,0.351839447627217,0.35168140113160484,0.3515281889985239,0.35257864684243045,0.3540919061242774,0.35286337173728854,0.3535834140601054,0.35367172298671473
0.3518991697402195,0.351839447627217,0.35168140113160484,0.3515281889985239,0.35173109648519446,0.3540919061242774,0.35286337173728854,0.3535834140601054,0.35367172298671473
0.3518991697402195,0.351839447627217,0.35168140113160484,0.3515281889985239,0.35173109648519446,0.3540919061242774,0.35286337173728854,0.3535834140601054,0.35367172298671473
0.3518991697402195,0.351839447627217,0.35168140113160484,0.3515281889985239,0.35173109648519446,0.3540919061242774,0.35286337173728854,0.3516439890417486,0.35367172298671473
0.3518991697402195,0.351839447627217,0.3508301130863703,0.3515281889985239,0.35173109648519446,0.3540919061242774,0.35286337173728854,0.3516439890417486,0.35367172298671473
0.3518991697402195,0.351839447627217,0.3508301130863703,0.3515281889985239,0.35173109648519446,0.3540919061242774,0.35286337173728854,0.3516439890417486,0.3541594760649307
0.3518991697402195,0.351839447627217,0.3508301130863703,0.3515281889985239,0.35173109648519446,0.3540919061242774,0.35286337173728854,0.3516439890417486,0.3541594760649307
0.3518991697402195,0.351839447627217,0.3508301130863703,0.3515281889985239,0.35173109648519446,0.3540919061242774,0.35286337173728854,0.3516439890417486,0.3541594760649307
0.3518991697402195,0.351839447627217,0.3508301130863703,0.3515281889985239,0.35173109648519446,0.3540919061242774,0.35286337173728854,0.3516439890417486,0.3541594760649307
0.3518991697402195,0.351839447627217,0.3508301130863703,0.3515281889985239,0.35173109648519446,0.3540919061242774,0.35286337173728854,0.3516439890417486,0.3541594760649307
0.3518991697402195,0.351839447627217,0.3508301130863703,0.3515281889985239,0.35173109648519446,0.3540919061242774,0.35286337173728854,0.3516439890417486,0.3541594760649307
0.3518991697402195,0.351839447627217,0.3508301130863703,0.3515281889985239,0.3517342356162548,0.3540919061242774,0.35286337173728854,0.3516439890417486,0.3541594760649307
0.3518991697402195,0.351839447627217,0.3508301130863703,0.3515281889985239,0.3517342356162548,0.3545211250768845,0.35286337173728854,0.3516439890417486,0.3541594760649307
0.3518991697402195,0.351839447627217,0.3508301130863703,0.3515281889985239,0.3517342356162548,0.3545211250768845,0.35286337173728854,0.3520956434901621,0.3541594760649307
0.3518991697402195,0.351839447627217,0.3508301130863703,0.3515281889985239,0.3517342356162548,0.3545211250768845,0.35286337173728854,0.3515702738029088,0.3541594760649307
0.3518991697402195,0.352683071268725,0.3508301130863703,0.3515281889985239,0.3517342356162548,0.3545211250768845,0.35286337173728854,0.3515702738029088,0.3541594760649307
0.3518991697402195,0.352683071268725,0.3508301130863703,0.3515281889985239,0.3517342356162548,0.3545211250768845,0.35286337173728854,0.3515702738029088,0.3541594760649307
0.3518991697402195,0.352683071268725,0.3508301130863703,0.3511486547375358,0.3517342356162548,0.3545211250768845,0.35286337173728854,0.3515702738029088,0.3541594760649307
0.3518991697402195,0.352683071268725,0.3508301130863703,0.35241761147127637,0.3517342356162548,0.3545211250768845,0.35286337173728854,0.3515702738029088,0.3541594760649307
0.3518991697402195,0.352683071268725,0.3508301130863703,0.3537493566627005,0.3517342356162548,0.3545211250768845,0.35286337173728854,0.3515702738029088,0.3541594760649307
0.3518991697402195,0.352683071268725,0.35386341177831526,0.3537493566627005,0.3517342356162548,0.3545211250768845,0.35286337173728854,0.3515702738029088,0.3541594760649307
0.3518991697402195,0.352683071268725,0.35386341177831526,0.3537493566627005,0.3517342356162548,0.3545211250768845,0.35286337173728854,0.3515702738029088,0.3541594760649307
0.3518991697402195,0.352683071268725,0.35386341177831526,0.3537493566627005,0.3517342356162548,0.3545211250768845,0.352554664371615,0.3515702738029088,0.3541594760649307
0.3518991697402195,0.352683071268725,0.35386341177831526,0.3524743103852472,0.3517342356162548,0.3545211250768845,0.352554664371615,0.3515702738029088,0.3541594760649307
0.3518991697402195,0.352683071268725,0.35386341177831526,0.3524743103852472,0.3517342356162548,0.3545211250768845,0.352554664371615,0.3534854441720757,0.3541594760649307
0.3518991697402195,0.352683071268725,0.35386341177831526,0.3524743103852472,0.3517342356162548,0.3545211250768845,0.352554664371615,0.3534854441720757,0.3541594760649307
0.3518991697402195,0.352683071268725,0.35386341177831526,0.3524743103852472,0.3517342356162548,0.3545211250768845,0.352554664371615,0.3534854441720757,0.3541594760649307
0.3518991697402195,0.352683071268725,0.35386341177831526,0.3524743103852472,0.3517342356162548,0.3542254497145166,0.352554664371615,0.3534854441720757,0.3541594760649307
0.3518991697402195,0.352683071268725,0.35386341177831526,0.3524743103852472,0.3524897316587018,0.3542254497145166,0.352554664371615,0.3534854441720757,0.3541594760649307
0.3518991697402195,0.352683071268725,0.35386341177831526,0.3524743103852472,0.3524897316587018,0.3542254497145166,0.352554664371615,0.3534854441720757,0.3541594760649307
0.3518991697402195,0.352683071268725,0.35386341177831526,0.3524743103852472,0.3524897316587018,0.3542254497145166,0.352554664371615,0.3534854441720757,0.3541594760649307
0.3518991697402195,0.351754354565739,0.35386341177831526,0.3524743103852472,0.3524897316587018,0.3542254497145166,0.352554664371615,0.3534854441720757,0.3541594760649307
0.3518991697402195,0.35416752364472437,0.35386341177831526,0.3524743103852472,0.3524897316587018,0.3542254497145166,0.352554664371615,0.3534854441720757,0.3541594760649307
0.3518991697402195,0.35416752364472437,0.35386341177831526,0.3524743103852472,0.3524897316587018,0.3542254497145166,0.352554664371615,0.3534854441720757,0.3541594760649307
0.3518991697402195,0.35416752364472437,0.35386341177831526,0.3524743103852472,0.3524897316587018,0.3542254497145166,0.352554664371615,0.3534854441720757,0.3541594760649307
0.3518991697402195,0.35348222514015826,0.35386341177831526,0.3524743103852472,0.3524897316587018,0.3542254497145166,0.352554664371615,0.3534854441720757,0.3541594760649307
0.3518991697402195,0.3541594139952916,0.35386341177831526,0.3524743103852472,0.3524897316587018,0.3542254497145166,0.352554664371615,0.3534854441720757,0.3541594760649307
0.3518991697402195,0.35274392314238917,0.35386341177831526,0.3524743103852472,0.3524897316587018,0.3542254497145166,0.352554664371615,0.3534854441720757,0.3541594760649307
0.3518991697402195,0.35274392314238917,0.35386341177831526,0.3524743103852472,0.3524897316587018,0.3542254497145166,0.352554664371615,0.3534854441720757,0.3541594760649307
0.3518991697402195,0.35274392314238917,0.35386341177831526,0.3524743103852472,0.3524897316587018,0.3542254497145166,0.352554664371615,0.3534854441720757,0.3541594760649307
0.3518991697402195,0.35274392314238917,0.35386341177831526,0.3524743103852472,0.3524897316587018,0.3542254497145166,0.352554664371615,0.3534854441720757,0.3541594760649307
0.3518991697402195,0.3518478069813755,0.35386341177831526,0.3524743103852472,0.3524897316587018,0.3542254497145166,0.352554664371615,0.3534854441720757,0.3541594760649307
0.3518991697402195,0.3511473512496678,0.35386341177831526,0.3524743103852472,0.3524897316587018,0.3542254497145166,0.352554664371615,0.3534854441720757,0.3541594760649307
0.3518991697402195,0.3511473512496678,0.35386341177831526,0.3524743103852472,0.3524897316587018,0.3542254497145166,0.352554664371615,0.353045372215929,0.3541594760649307
0.3518991697402195,0.3511473512496678,0.35386341177831526,0.3524743103852472,0.3524897316587018,0.3542254497145166,0.352554664371615,0.3533403611868533,0.3541594760649307
0.3518991697402195,0.3533403611868533,0.35386341177831526,0.3524743103852472,0.3524897316587018,0.3542254497145166,0.352554664371615,0.3533403611868533,0.3541594760649307
0.3518991697402195,0.3533403611868533,0.35386341177831526,0.3524743103852472,0.3524897316587018,0.3542254497145166,0.352554664371615,0.3533403611868533,0.35436869630151546
0.3518991697402195,0.3533403611868533,0.35386341177831526,0.3524743103852472,0.3524897316587018,0.3542254497145166,0.352554664371615,0.3533403611868533,0.35436869630151546
0.3518991697402195,0.3533403611868533,0.35386341177831526,0.3524743103852472,0.3524897316587018,0.3542254497145166,0.352554664371615,0.3533403611868533,0.3551543931167538
0.3518991697402195,0.3533403611868533,0.35386341177831526,0.3524743103852472,0.3524897316587018,0.3542254497145166,0.352554664371615,0.3533403611868533,0.3551543931167538
0.3518991697402195,0.3533403611868533,0.35386341177831526,0.3524743103852472,0.3524897316587018,0.3542254497145166,0.352554664371615,0.3533403611868533,0.3551543931167538
0.3518991697402195,0.3533403611868533,0.35386341177831526,0.3524743103852472,0.3524897316587018,0.3542254497145166,0.352554664371615,0.3533403611868533,0.3533663342720186
0.3518991697402195,0.3533403611868533,0.35386341177831526,0.3524743103852472,0.3524897316587018,0.3542254497145166,0.352554664371615,0.3533403611868533,0.35243582228229975
0.3518991697402195,0.3533403611868533,0.35386341177831526,0.3524743103852472,0.3524897316587018,0.35290108469225745,0.352554664371615,0.3533403611868533,0.35243582228229975
0.3518991697402195,0.3533403611868533,0.35386341177831526,0.3524743103852472,0.3524897316587018,0.35290108469225745,0.352554664371615,0.3533403611868533,0.35243582228229975
0.3518991697402195,0.35331879743629246,0.35386341177831526,0.3524743103852472,0.3524897316587018,0.35290108469225745,0.352554664371615,0.3533403611868533,0.35243582228229975
0.3518991697402195,0.35190327458684095,0.35386341177831526,0.3524743103852472,0.3524897316587018,0.35290108469225745,0.352554664371615,0.3533403611868533,0.35243582228229975
0.3518991697402195,0.35190327458684095,0.35386341177831526,0.3524743103852472,0.3524897316587018,0.35290108469225745,0.352554664371615,0.3533403611868533,0.35243582228229975
0.3518991697402195,0.35190327458684095,0.35386341177831526,0.3524743103852472,0.3524897316587018,0.35290108469225745,0.352554664371615,0.3533403611868533,0.35266041534923026
0.3518991697402195,0.35190327458684095,0.35386341177831526,0.3524743103852472,0.3524897316587018,0.35290108469225745,0.352554664371615,0.3533403611868533,0.35266041534923026
0.3518991697402195,0.35190327458684095,0.35386341177831526,0.3530781633342951,0.3524897316587018,0.35290108469225745,0.352554664371615,0.3533403611868533,0.35266041534923026
0.3518991697402195,0.35190327458684095,0.35386341177831526,0.3530781633342951,0.3524897316587018,0.35290108469225745,0.352554664371615,0.3533403611868533,0.35266041534923026
0.3518991697402195,0.3529270577774227,0.35386341177831526,0.3530781633342951,0.3524897316587018,0.35290108469225745,0.352554664371615,0.3533403611868533,0.35266041534923026
0.3518991697402195,0.35300596383328076,0.35386341177831526,0.3530781633342951,0.3524897316587018,0.35290108469225745,0.352554664371615,0.3533403611868533,0.35266041534923026
0.3518991697402195,0.352280511422117,0.35386341177831526,0.3530781633342951,0.3524897316587018,0.35290108469225745,0.352554664371615,0.3533403611868533,0.35266041534923026
0.3518991697402195,0.3540279529917375,0.35386341177831526,0.3530781633342951,0.3524897316587018,0.35290108469225745,0.352554664371615,0.3533403611868533,0.35266041534923026
0.3518991697402195,0.3540279529917375,0.35386341177831526,0.3530781633342951,0.3524897316587018,0.35290108469225745,0.352554664371615,0.3533403611868533,0.35381855340666546
0.3518991697402195,0.3540279529917375,0.35386341177831526,0.3530781633342951,0.3524897316587018,0.35290108469225745,0.352554664371615,0.3533403611868533,0.35302626180924523
0.3518991697402195,0.3540279529917375,0.35386341177831526,0.3530781633342951,0.3524897316587018,0.35290108469225745,0.352554664371615,0.3533403611868533,0.3539230738507142
0.3518991697402195,0.3540279529917375,0.35386341177831526,0.3530781633342951,0.3524897316587018,0.35290108469225745,0.352554664371615,0.3533403611868533,0.3542633256619748
0.3518991697402195,0.3540279529917375,0.35386341177831526,0.3530781633342951,0.3524897316587018,0.35290108469225745,0.352554664371615,0.3533403611868533,0.3540011278094166
0.3518991697402195,0.3540279529917375,0.35386341177831526,0.3530781633342951,0.3524897316587018,0.35290108469225745,0.352554664371615,0.3533403611868533,0.3540011278094166
0.3518991697402195,0.3540279529917375,0.35386341177831526,0.3530781633342951,0.3524897316587018,0.35290108469225745,0.352554664371615,0.3533403611868533,0.3540011278094166
0.3518991697402195,0.3540279529917375,0.35386341177831526,0.3530781633342951,0.3524897316587018,0.35290108469225745,0.352554664371615,0.3533403611868533,0.35434137962067724
0.3518991697402195,0.3540279529917375,0.3544395297496832,0.3530781633342951,0.3524897316587018,0.35290108469225745,0.352554664371615,0.3533403611868533,0.35434137962067724
0.3518991697402195,0.3540279529917375,0.3544395297496832,0.3530781633342951,0.3524897316587018,0.35290108469225745,0.352554664371615,0.3533403611868533,0.35434137962067724
0.3518991697402195,0.3540279529917375,0.3544395297496832,0.3530781633342951,0.3524897316587018,0.35290108469225745,0.352554664371615,0.3533403611868533,0.35434137962067724
0.3518991697402195,0.3540279529917375,0.3544395297496832,0.3530781633342951,0.3524897316587018,0.35290108469225745,0.352554664371615,0.3533403611868533,0.35434137962067724
0.3518991697402195,0.3540279529917375,0.35293458023459195,0.3530781633342951,0.3524897316587018,0.35290108469225745,0.352554664371615,0.3533403611868533,0.35434137962067724
0.3518991697402195,0.3540279529917375,0.3540539260769028,0.3530781633342951,0.3524897316587018,0.35290108469225745,0.352554664371615,0.3533403611868533,0.35434137962067724
0.3518991697402195,0.3540279529917375,0.3540539260769028,0.3515777804194319,0.3524897316587018,0.35290108469225745,0.352554664371615,0.3533403611868533,0.35434137962067724
0.3518991697402195,0.3540279529917375,0.3540539260769028,0.3515777804194319,0.3524897316587018,0.35290108469225745,0.352554664371615,0.3533403611868533,0.35434137962067724
0.3518991697402195,0.3540279529917375,0.3540539260769028,0.3540279529917375,0.3524897316587018,0.35290108469225745,0.352554664371615,0.3533403611868533,0.35434137962067724
0.3518991697402195,0.3540279529917375,0.3540539260769028,0.3540279529917375,0.3524897316587018,0.35290108469225745,0.352554664371615,0.35169276183694165,0.35434137962067724
0.3518991697402195,0.3540279529917375,0.3540539260769028,0.3540279529917375,0.3524897316587018,0.35290108469225745,0.35096509327830117,0.35169276183694165,0.35434137962067724
0.3518991697402195,0.3540279529917375,0.3540539260769028,0.3540279529917375,0.3524897316587018,0.35290108469225745,0.35096509327830117,0.35169276183694165,0.35434137962067724
0.3518991697402195,0.3540279529917375,0.3540539260769028,0.3540279529917375,0.35230805037015595,0.35290108469225745,0.35096509327830117,0.35169276183694165,0.35434137962067724
0.3518991697402195,0.3540279529917375,0.3540539260769028,0.3540279529917375,0.35230805037015595,0.35290108469225745,0.35096509327830117,0.35169276183694165,0.3531699529048293
0.3518991697402195,0.3540279529917375,0.3540539260769028,0.3540279529917375,0.35194480901945474,0.35290108469225745,0.35096509327830117,0.35169276183694165,0.3531699529048293
0.3518991697402195,0.3540279529917375,0.3540539260769028,0.3540279529917375,0.35194480901945474,0.3528788854813731,0.35096509327830117,0.35169276183694165,0.3531699529048293
0.3518991697402195,0.3540279529917375,0.3540539260769028,0.3540279529917375,0.35194480901945474,0.35010319074362783,0.35096509327830117,0.35169276183694165,0.3531699529048293
0.3518991697402195,0.3540279529917375,0.3540539260769028,0.3540279529917375,0.35194480901945474,0.35010319074362783,0.35096509327830117,0.35169276183694165,0.3531699529048293
0.3518991697402195,0.35488985552641084,0.3540539260769028,0.3540279529917375,0.35194480901945474,0.35010319074362783,0.35096509327830117,0.35169276183694165,0.3531699529048293
0.3518991697402195,0.35253640865992086,0.3540539260769028,0.3540279529917375,0.35194480901945474,0.35010319074362783,0.35096509327830117,0.35169276183694165,0.3531699529048293
0.3518991697402195,0.35253640865992086,0.3540539260769028,0.3540279529917375,0.35194480901945474,0.35394538983042634,0.35096509327830117,0.35169276183694165,0.3531699529048293
0.3518991697402195,0.35253640865992086,0.3540539260769028,0.3540279529917375,0.35194480901945474,0.35278111359083075,0.35096509327830117,0.35169276183694165,0.3531699529048293
0.3518991697402195,0.35315169719313516,0.3540539260769028,0.3540279529917375,0.35194480901945474,0.35278111359083075,0.35096509327830117,0.35169276183694165,0.3531699529048293
0.3518991697402195,0.35315169719313516,0.3522975865596992,0.3540279529917375,0.35194480901945474,0.35278111359083075,0.35096509327830117,0.35169276183694165,0.3531699529048293
0.3518991697402195,0.35315169719313516,0.3522975865596992,0.3540279529917375,0.35194480901945474,0.35278111359083075,0.35278764411384905,0.35169276183694165,0.3531699529048293
0.3518991697402195,0.35315169719313516,0.3522975865596992,0.3540279529917375,0.35194480901945474,0.35278111359083075,0.35278764411384905,0.35185963364893624,0.3531699529048293
0.3518991697402195,0.35315169719313516,0.3522975865596992,0.35185963364893624,0.35194480901945474,0.35278111359083075,0.35278764411384905,0.35185963364893624,0.3531699529048293
0.3518991697402195,0.35315169719313516,0.3522975865596992,0.35185963364893624,0.35194480901945474,0.35278111359083075,0.35278764411384905,0.35185963364893624,0.3531699529048293
0.3518991697402195,0.35315169719313516,0.3522975865596992,0.35185963364893624,0.35194480901945474,0.35278111359083075,0.35278764411384905,0.35185963364893624,0.3531699529048293
0.3518991697402195,0.35315169719313516,0.35226351641149184,0.35185963364893624,0.35194480901945474,0.35278111359083075,0.35278764411384905,0.35185963364893624,0.3531699529048293
0.3518991697402195,0.35315169719313516,0.35226351641149184,0.35185963364893624,0.35182556350072886,0.35278111359083075,0.35278764411384905,0.35185963364893624,0.3531699529048293
0.3518991697402195,0.35315169719313516,0.35226351641149184,0.35185963364893624,0.35182556350072886,0.35315169719313516,0.35278764411384905,0.35185963364893624,0.3531699529048293
0.3518991697402195,0.35315169719313516,0.35226351641149184,0.35185963364893624,0.35315169719313516,0.35315169719313516,0.35278764411384905,0.35185963364893624,0.3531699529048293
0.3518991697402195,0.35315169719313516,0.35226351641149184,0.35185963364893624,0.35315169719313516,0.35315169719313516,0.35278764411384905,0.35185963364893624,0.3531699529048293
0.3518991697402195,0.35315169719313516,0.35226351641149184,0.35185963364893624,0.35315169719313516,0.352933382782358,0.35278764411384905,0.35185963364893624,0.3531699529048293
0.3518991697402195,0.35315169719313516,0.35226351641149184,0.35185963364893624,0.35152796555425436,0.352933382782358,0.35278764411384905,0.35185963364893624,0.3531699529048293
0.3518991697402195,0.35315169719313516,0.35226351641149184,0.35185963364893624,0.35152796555425436,0.352933382782358,0.35278764411384905,0.35185963364893624,0.3531699529048293
0.3518991697402195,0.35315169719313516,0.35226351641149184,0.35185963364893624,0.35152796555425436,0.352933382782358,0.35278764411384905,0.35185963364893624,0.3531699529048293
0.3518991697402195,0.35315169719313516,0.35226351641149184,0.35185963364893624,0.35152796555425436,0.352933382782358,0.35278764411384905,0.35262756949077795,0.3531699529048293
0.3518991697402195,0.35315169719313516,0.3528034585503624,0.35185963364893624,0.35152796555425436,0.352933382782358,0.35278764411384905,0.35262756949077795,0.3531699529048293
0.3518991697402195,0.35315169719313516,0.3528034585503624,0.35185963364893624,0.35152796555425436,0.352933382782358,0.35278764411384905,0.35262756949077795,0.3531699529048293
0.3518991697402195,0.35315169719313516,0.3528034585503624,0.35185963364893624,0.35152796555425436,0.35159199540348285,0.35278764411384905,0.35262756949077795,0.3531699529048293
0.3518991697402195,0.35315169719313516,0.3528034585503624,0.35185963364893624,0.35152796555425436,0.3510433802955025,0.35278764411384905,0.35262756949077795,0.3531699529048293
0.3518991697402195,0.35315169719313516,0.3528034585503624,0.35185963364893624,0.35152796555425436,0.3510433802955025,0.35278764411384905,0.35262756949077795,0.3531699529048293
0.3518991697402195,0.35315169719313516,0.3528034585503624,0.35185963364893624,0.35152796555425436,0.3510433802955025,0.35278764411384905,0.35262756949077795,0.3531699529048293
0.3518991697402195,0.35315169719313516,0.3528034585503624,0.35185963364893624,0.35152796555425436,0.3510433802955025,0.35278764411384905,0.35262756949077795,0.3531699529048293
0.3518991697402195,0.35315169719313516,0.3528034585503624,0.35185963364893624,0.35152796555425436,0.3510433802955025,0.35278764411384905,0.35262756949077795,0.3531699529048293
0.3518991697402195,0.35295786308963445,0.3528034585503624,0.35185963364893624,0.35152796555425436,0.3510433802955025,0.35278764411384905,0.35262756949077795,0.3531699529048293
0.3518991697402195,0.35295786308963445,0.3528034585503624,0.35185963364893624,0.35152796555425436,0.3510433802955025,0.35278764411384905,0.35262756949077795,0.3531699529048293
0.3518991697402195,0.35295786308963445,0.3528034585503624,0.35185963364893624,0.35152796555425436,0.3510433802955025,0.35278764411384905,0.35262756949077795,0.3531699529048293
0.3518991697402195,0.35295786308963445,0.3528034585503624,0.35229947522354566,0.35152796555425436,0.3510433802955025,0.35278764411384905,0.35262756949077795,0.3531699529048293
0.3518991697402195,0.35295786308963445,0.35346806028807765,0.35229947522354566,0.35152796555425436,0.3510433802955025,0.35278764411384905,0.35262756949077795,0.3531699529048293
0.3518991697402195,0.35295786308963445,0.35346806028807765,0.35229947522354566,0.35152796555425436,0.3510433802955025,0.35278764411384905,0.35262756949077795,0.3531699529048293
0.3518991697402195,0.35295786308963445,0.35346806028807765,0.35229947522354566,0.35152796555425436,0.3510433802955025,0.35278764411384905,0.35262756949077795,0.3531699529048293
0.3518991697402195,0.35295786308963445,0.35346806028807765,0.35229947522354566,0.35152796555425436,0.3510433802955025,0.35278764411384905,0.35262756949077795,0.3531699529048293
0.3518991697402195,0.35295786308963445,0.35346806028807765,0.35229947522354566,0.35152796555425436,0.3510433802955025,0.35278764411384905,0.35262756949077795,0.3531699529048293
0.3518991697402195,0.35295786308963445,0.35346806028807765,0.35229947522354566,0.35152796555425436,0.3510433802955025,0.35278764411384905,0.35262756949077795,0.3531699529048293
0.3518991697402195,0.35295786308963445,0.35346806028807765,0.35229947522354566,0.35152796555425436,0.3510433802955025,0.35277605116516403,0.35262756949077795,0.3531699529048293
0.3518991697402195,0.35295786308963445,0.35346806028807765,0.35229947522354566,0.35152796555425436,0.3510433802955025,0.35277605116516403,0.35262756949077795,0.3531699529048293
0.3518991697402195,0.35295786308963445,0.35346806028807765,0.35229947522354566,0.35152796555425436,0.3510433802955025,0.35277605116516403,0.35333594284853503,0.3531699529048293
0.3518991697402195,0.35295786308963445,0.35346806028807765,0.35229947522354566,0.35152796555425436,0.3510433802955025,0.35277605116516403,0.35390790186268706,0.3531699529048293
0.3518991697402195,0.35295786308963445,0.35346806028807765,0.35229947522354566,0.35299254357141024,0.3510433802955025,0.35277605116516403,0.35390790186268706,0.3531699529048293
0.3518991697402195,0.35295786308963445,0.35346806028807765,0.35229947522354566,0.3533407346439237,0.3510433802955025,0.35277605116516403,0.35390790186268706,0.3531699529048293
0.3518991697402195,0.35295786308963445,0.35346806028807765,0.35229947522354566,0.3532803456435438,0.3510433802955025,0.35277605116516403,0.35390790186268706,0.3531699529048293
0.3518991697402195,0.35295786308963445,0.35170853936357216,0.35229947522354566,0.3532803456435438,0.3510433802955025,0.35277605116516403,0.35390790186268706,0.3531699529048293
0.3518991697402195,0.35295786308963445,0.35170853936357216,0.35364454671625156,0.3532803456435438,0.3510433802955025,0.35277605116516403,0.35390790186268706,0.3531699529048293
0.3518991697402195,0.35295786308963445,0.35170853936357216,0.3521008875315714,0.3532803456435438,0.3510433802955025,0.35277605116516403,0.35390790186268706,0.3531699529048293
0.3518991697402195,0.35295786308963445,0.35170853936357216,0.3521008875315714,0.3532803456435438,0.3510433802955025,0.35277605116516403,0.35390790186268706,0.3531699529048293
0.3518991697402195,0.35295786308963445,0.35170853936357216,0.3521008875315714,0.3532803456435438,0.3510433802955025,0.35277605116516403,0.35390790186268706,0.3531699529048293
0.3518991697402195,0.35295786308963445,0.35170853936357216,0.3521008875315714,0.3532803456435438,0.3510433802955025,0.35277605116516403,0.35260332550278867,0.3531699529048293
0.3518991697402195,0.35295786308963445,0.35170853936357216,0.3521008875315714,0.3532803456435438,0.3510433802955025,0.35277605116516403,0.35260332550278867,0.3531699529048293
0.3518991697402195,0.35295786308963445,0.35170853936357216,0.3521008875315714,0.3532803456435438,0.3510433802955025,0.35277605116516403,0.35260332550278867,0.3531699529048293
0.3518991697402195,0.35295786308963445,0.35170853936357216,0.3521008875315714,0.3532803456435438,0.3510433802955025,0.35277605116516403,0.35260332550278867,0.3531699529048293
0.3518991697402195,0.35295786308963445,0.3528771759730937,0.3521008875315714,0.3532803456435438,0.3510433802955025,0.35277605116516403,0.35260332550278867,0.3531699529048293
0.3518991697402195,0.35295786308963445,0.3528771759730937,0.3521008875315714,0.3532803456435438,0.3528771759730937,0.35277605116516403,0.35260332550278867,0.3531699529048293
0.3518991697402195,0.35295786308963445,0.3528771759730937,0.3521008875315714,0.3532803456435438,0.35330480212239684,0.35277605116516403,0.35260332550278867,0.3531699529048293
0.3518991697402195,0.35295786308963445,0.3528771759730937,0.3521008875315714,0.3532803456435438,0.35330480212239684,0.3528148258856818,0.35260332550278867,0.3531699529048293
0.3518991697402195,0.35295786308963445,0.35322313076196277,0.3521008875315714,0.3532803456435438,0.35330480212239684,0.3528148258856818,0.35260332550278867,0.3531699529048293
0.3518991697402195,0.35295786308963445,0.3525243648713374,0.3521008875315714,0.3532803456435438,0.35330480212239684,0.3528148258856818,0.35260332550278867,0.3531699529048293
0.3518991697402195,0.35295786308963445,0.35218474508186365,0.3521008875315714,0.3532803456435438,0.35330480212239684,0.3528148258856818,0.35260332550278867,0.3531699529048293
0.3518991697402195,0.35295786308963445,0.35285535782431593,0.3521008875315714,0.3532803456435438,0.35330480212239684,0.3528148258856818,0.35260332550278867,0.3531699529048293
0.3518991697402195,0.35295786308963445,0.35285535782431593,0.3521008875315714,0.3532803456435438,0.35330480212239684,0.3528148258856818,0.35260332550278867,0.3531699529048293
0.3518991697402195,0.35295786308963445,0.35285535782431593,0.3521008875315714,0.3532803456435438,0.35330480212239684,0.3528148258856818,0.35260332550278867,0.3531699529048293
0.3518991697402195,0.35295786308963445,0.35285535782431593,0.3521008875315714,0.3532803456435438,0.35330480212239684,0.3528148258856818,0.35260332550278867,0.3531699529048293
0.3518991697402195,0.35295786308963445,0.35285535782431593,0.3521008875315714,0.3532803456435438,0.35330480212239684,0.3528148258856818,0.35260332550278867,0.3524277316750128
0.3518991697402195,0.35295786308963445,0.35285535782431593,0.3521008875315714,0.3532803456435438,0.35330480212239684,0.3528148258856818,0.35260332550278867,0.35182893220910916
0.3518991697402195,0.35295786308963445,0.35285535782431593,0.3521008875315714,0.3532803456435438,0.35330480212239684,0.3528148258856818,0.35260332550278867,0.3523507420924296
0.3518991697402195,0.35295786308963445,0.35285535782431593,0.3521008875315714,0.3532803456435438,0.35330480212239684,0.3528148258856818,0.35260332550278867,0.35299413343742087
0.3518991697402195,0.35295786308963445,0.35285535782431593,0.35251987761075393,0.3532803456435438,0.35330480212239684,0.3528148258856818,0.35260332550278867,0.35299413343742087
0.3518991697402195,0.35295786308963445,0.35285535782431593,0.35251987761075393,0.3532803456435438,0.35330480212239684,0.3528148258856818,0.35260332550278867,0.35299413343742087
0.3518991697402195,0.35295786308963445,0.35285535782431593,0.35251987761075393,0.3532803456435438,0.35330480212239684,0.3528148258856818,0.35260332550278867,0.35299413343742087
0.3518991697402195,0.35295786308963445,0.35285535782431593,0.35251987761075393,0.3532803456435438,0.35330480212239684,0.3528148258856818,0.35260332550278867,0.35299413343742087
0.3518991697402195,0.35295786308963445,0.35285535782431593,0.35251987761075393,0.3532803456435438,0.35330480212239684,0.3528148258856818,0.35260332550278867,0.35299413343742087
0.3518991697402195,0.35295786308963445,0.35285535782431593,0.35251987761075393,0.3532803456435438,0.35330480212239684,0.3528148258856818,0.35260332550278867,0.35299413343742087
0.3518991697402195,0.35295786308963445,0.35285535782431593,0.35251987761075393,0.3532803456435438,0.35330480212239684,0.3528761541274497,0.35260332550278867,0.35299413343742087
0.3518991697402195,0.35295786308963445,0.35285535782431593,0.35251987761075393,0.3532803456435438,0.35330480212239684,0.35282197866750203,0.35260332550278867,0.35299413343742087
0.3518991697402195,0.35295786308963445,0.35285535782431593,0.35251987761075393,0.3520818921318734,0.35330480212239684,0.35282197866750203,0.35260332550278867,0.35299413343742087
0.3518991697402195,0.35295786308963445,0.3530074851001464,0.35251987761075393,0.3520818921318734,0.35330480212239684,0.35282197866750203,0.35260332550278867,0.35299413343742087
0.3518991697402195,0.35295786308963445,0.3530074851001464,0.35251987761075393,0.3520818921318734,0.35330480212239684,0.35282197866750203,0.35302680284255467,0.35299413343742087
0.3518991697402195,0.35295786308963445,0.3530074851001464,0.35251987761075393,0.3520818921318734,0.3530320656626922,0.35282197866750203,0.35302680284255467,0.35299413343742087
0.3518991697402195,0.35295786308963445,0.3530074851001464,0.35251987761075393,0.3520818921318734,0.35191434263032806,0.35282197866750203,0.35302680284255467,0.35299413343742087
0.3518991697402195,0.35295786308963445,0.3530074851001464,0.35251987761075393,0.3520818921318734,0.35252521827584415,0.35282197866750203,0.35302680284255467,0.35299413343742087
0.3518991697402195,0.35295786308963445,0.3530074851001464,0.35251987761075393,0.3520818921318734,0.35252521827584415,0.35282197866750203,0.35302680284255467,0.35299413343742087
0.3518991697402195,0.35295786308963445,0.3530074851001464,0.35251987761075393,0.3520818921318734,0.35252521827584415,0.35282197866750203,0.35302680284255467,0.35299413343742087
0.3518991697402195,0.35295786308963445,0.3530074851001464,0.35251987761075393,0.3520818921318734,0.35252521827584415,0.3529122037673998,0.35302680284255467,0.35299413343742087
0.3518991697402195,0.35295786308963445,0.3530074851001464,0.35251987761075393,0.3520818921318734,0.35252521827584415,0.3529122037673998,0.35302680284255467,0.35299413343742087
0.3518991697402195,0.35295786308963445,0.3530074851001464,0.35251987761075393,0.3520818921318734,0.35252521827584415,0.3525430801964868,0.35302680284255467,0.35299413343742087
0.3518991697402195,0.35295786308963445,0.3530074851001464,0.35251987761075393,0.3520818921318734,0.35252521827584415,0.35208673580485017,0.35302680284255467,0.35299413343742087
0.3518991697402195,0.35295786308963445,0.3530074851001464,0.35251987761075393,0.3520818921318734,0.35252521827584415,0.35215498108853494,0.35302680284255467,0.35299413343742087
0.3518991697402195,0.35295786308963445,0.3530074851001464,0.35251987761075393,0.3520818921318734,0.35252521827584415,0.35294479532758094,0.35302680284255467,0.35299413343742087
0.3518991697402195,0.35295786308963445,0.3530074851001464,0.35251987761075393,0.3520818921318734,0.35252521827584415,0.35294479532758094,0.35302680284255467,0.35299413343742087
0.3518991697402195,0.35295786308963445,0.3530074851001464,0.35251987761075393,0.3520818921318734,0.35252521827584415,0.35295786308963445,0.35302680284255467,0.35299413343742087
0.3518991697402195,0.35295786308963445,0.3530074851001464,0.35251987761075393,0.3520818921318734,0.35252521827584415,0.3525508072934501,0.35302680284255467,0.35299413343742087
0.3518991697402195,0.35295786308963445,0.3530074851001464,0.35251987761075393,0.3520818921318734,0.35252521827584415,0.35300186053438415,0.35302680284255467,0.35299413343742087
0.3518991697402195,0.35295786308963445,0.3530074851001464,0.35251987761075393,0.3520818921318734,0.35252521827584415,0.35300186053438415,0.35302680284255467,0.35299413343742087
0.3518991697402195,0.35295786308963445,0.3530074851001464,0.35251987761075393,0.3520818921318734,0.35252521827584415,0.35298879277233064,0.35302680284255467,0.35299413343742087
0.3518991697402195,0.35295786308963445,0.3530074851001464,0.35251987761075393,0.3520818921318734,0.35252521827584415,0.35294479532758094,0.35302680284255467,0.35299413343742087
0.3518991697402195,0.35295786308963445,0.3530074851001464,0.35251987761075393,0.3520818921318734,0.35252521827584415,0.3522640662624385,0.35302680284255467,0.35299413343742087
0.3518991697402195,0.35295786308963445,0.3530074851001464,0.35251987761075393,0.3520818921318734,0.35252521827584415,0.352970930851688,0.35302680284255467,0.35299413343742087
0.3518991697402195,0.35295786308963445,0.3530074851001464,0.35251987761075393,0.3520818921318734,0.35252521827584415,0.352970930851688,0.35302680284255467,0.35299413343742087
0.3518991697402195,0.35295786308963445,0.3530074851001464,0.35251987761075393,0.3520818921318734,0.35252521827584415,0.3525344993101373,0.35302680284255467,0.35299413343742087
0.3518991697402195,0.35295786308963445,0.3530074851001464,0.35251987761075393,0.3520818921318734,0.35252521827584415,0.35300163642039306,0.35302680284255467,0.35299413343742087
0.3518991697402195,0.35295786308963445,0.3530074851001464,0.35251987761075393,0.3520818921318734,0.35252521827584415,0.353148430347454,0.35302680284255467,0.35299413343742087
0.3518991697402195,0.35295786308963445,0.3530074851001464,0.35251987761075393,0.3520818921318734,0.35252521827584415,0.35250536947163935,0.35302680284255467,0.35299413343742087
0.3518991697402195,0.35295786308963445,0.3530074851001464,0.35251987761075393,0.3520818921318734,0.35252521827584415,0.35250536947163935,0.35302680284255467,0.35299413343742087
0.3518991697402195,0.35295786308963445,0.3530074851001464,0.35251987761075393,0.3520818921318734,0.3532445528516707,0.35250536947163935,0.35302680284255467,0.35299413343742087
0.3518991697402195,0.35295786308963445,0.3530074851001464,0.35251987761075393,0.3520818921318734,0.3532445528516707,0.35250536947163935,0.35302680284255467,0.35299413343742087
0.3518991697402195,0.35295786308963445,0.3530074851001464,0.35304178275895043,0.3520818921318734,0.3532445528516707,0.35250536947163935,0.35302680284255467,0.35299413343742087
0.3518991697402195,0.35295786308963445,0.3530074851001464,0.35304178275895043,0.3520818921318734,0.3532445528516707,0.35250536947163935,0.35302680284255467,0.35299413343742087
0.3518991697402195,0.35295786308963445,0.3530074851001464,0.35304178275895043,0.3520818921318734,0.3532445528516707,0.35250536947163935,0.35302680284255467,0.35299413343742087
0.3518991697402195,0.35295786308963445,0.3530074851001464,0.35188466160110493,0.3520818921318734,0.3532445528516707,0.35250536947163935,0.35302680284255467,0.35299413343742087
0.3518991697402195,0.35295786308963445,0.3530074851001464,0.351912237502273,0.3520818921318734,0.3532445528516707,0.35250536947163935,0.35302680284255467,0.35299413343742087
0.3518991697402195,0.3518733187835073,0.3530074851001464,0.351912237502273,0.3520818921318734,0.3532445528516707,0.35250536947163935,0.35302680284255467,0.35299413343742087
0.3518991697402195,0.3518733187835073,0.3530074851001464,0.351912237502273,0.3520818921318734,0.3532445528516707,0.35250536947163935,0.35302680284255467,0.35299413343742087
0.3518991697402195,0.35275165354485294,0.3530074851001464,0.351912237502273,0.3520818921318734,0.3532445528516707,0.35250536947163935,0.35302680284255467,0.35299413343742087
0.3518991697402195,0.35275165354485294,0.35294335495051987,0.351912237502273,0.3520818921318734,0.3532445528516707,0.35250536947163935,0.35302680284255467,0.35299413343742087
0.3518991697402195,0.35275165354485294,0.35294335495051987,0.351912237502273,0.3520818921318734,0.3532445528516707,0.35250536947163935,0.35302680284255467,0.35299413343742087
0.3518991697402195,0.35275165354485294,0.35294335495051987,0.351912237502273,0.3520818921318734,0.3532445528516707,0.35321671783277186,0.35302680284255467,0.35299413343742087
0.3518991697402195,0.35275165354485294,0.35294335495051987,0.351912237502273,0.3520818921318734,0.3532445528516707,0.35240706841739433,0.35302680284255467,0.35299413343742087
0.3518991697402195,0.35275165354485294,0.35294335495051987,0.351912237502273,0.3520818921318734,0.3532445528516707,0.35240706841739433,0.35251465050593256,0.35299413343742087
0.3518991697402195,0.35275165354485294,0.35294335495051987,0.351912237502273,0.3520818921318734,0.3532445528516707,0.35240706841739433,0.35251465050593256,0.35299413343742087
0.3518991697402195,0.35275165354485294,0.35294335495051987,0.351912237502273,0.3520818921318734,0.3532445528516707,0.35240706841739433,0.35232285733333724,0.35299413343742087
0.3518991697402195,0.35275165354485294,0.35294335495051987,0.351912237502273,0.3520818921318734,0.35232285733333724,0.35240706841739433,0.35232285733333724,0.35299413343742087
0.3518991697402195,0.35275165354485294,0.35294335495051987,0.351912237502273,0.3520818921318734,0.35232285733333724,0.35240706841739433,0.35232285733333724,0.35224617677107045
0.3518991697402195,0.35275165354485294,0.35294335495051987,0.351912237502273,0.3518785530686502,0.35232285733333724,0.35240706841739433,0.35232285733333724,0.35224617677107045
0.3518991697402195,0.35275165354485294,0.35294335495051987,0.351912237502273,0.3518785530686502,0.35232285733333724,0.35240706841739433,0.35232285733333724,0.35224617677107045
0.3518991697402195,0.35275165354485294,0.3518785530686502,0.351912237502273,0.3518785530686502,0.35232285733333724,0.35240706841739433,0.35232285733333724,0.35224617677107045
0.3518991697402195,0.35275165354485294,0.3521840545209969,0.351912237502273,0.3518785530686502,0.35232285733333724,0.35240706841739433,0.35232285733333724,0.35224617677107045
0.3518991697402195,0.35275165354485294,0.3523872139918668,0.351912237502273,0.3518785530686502,0.35232285733333724,0.35240706841739433,0.35232285733333724,0.35224617677107045
0.3518991697402195,0.35275165354485294,0.3523872139918668,0.351912237502273,0.3518785530686502,0.35232285733333724,0.35240706841739433,0.35232285733333724,0.35224617677107045
0.3518991697402195,0.35275165354485294,0.3523872139918668,0.351912237502273,0.3518785530686502,0.35232285733333724,0.35240706841739433,0.35232285733333724,0.35224617677107045
0.3518991697402195,0.35275165354485294,0.3523872139918668,0.3525785869020006,0.3518785530686502,0.35232285733333724,0.35240706841739433,0.35232285733333724,0.35224617677107045
0.3518991697402195,0.35275165354485294,0.3523872139918668,0.3525785869020006,0.3518785530686502,0.35232285733333724,0.35240706841739433,0.35232285733333724,0.35224617677107045
0.3518991697402195,0.35275165354485294,0.35250057903921206,0.3525785869020006,0.3518785530686502,0.35232285733333724,0.35240706841739433,0.35232285733333724,0.35224617677107045
0.3518991697402195,0.35275165354485294,0.35197025842256946,0.3525785869020006,0.3518785530686502,0.35232285733333724,0.35240706841739433,0.35232285733333724,0.35224617677107045
0.3518991697402195,0.35275165354485294,0.35197025842256946,0.3525785869020006,0.3518785530686502,0.35232285733333724,0.35240706841739433,0.35232285733333724,0.35224617677107045
0.3518991697402195,0.35275165354485294,0.35197025842256946,0.3525785869020006,0.3521353015526819,0.35232285733333724,0.35240706841739433,0.35232285733333724,0.35224617677107045
0.3518991697402195,0.35275165354485294,0.35197025842256946,0.3525785869020006,0.35257433940512545,0.35232285733333724,0.35240706841739433,0.35232285733333724,0.35224617677107045
0.3518991697402195,0.35275165354485294,0.35197025842256946,0.3525785869020006,0.35257433940512545,0.35232285733333724,0.35240706841739433,0.35232285733333724,0.35224617677107045
0.3518991697402195,0.35275165354485294,0.35197025842256946,0.3525785869020006,0.35257433940512545,0.35232285733333724,0.35240706841739433,0.35232285733333724,0.35224617677107045
0.3518991697402195,0.35275165354485294,0.35197025842256946,0.3525785869020006,0.35179687791275416,0.35232285733333724,0.35240706841739433,0.35232285733333724,0.35224617677107045
0.3518991697402195,0.35275165354485294,0.35197025842256946,0.3525785869020006,0.35179687791275416,0.35232285733333724,0.35243322467273763,0.35232285733333724,0.35224617677107045
0.3518991697402195,0.35275165354485294,0.35197025842256946,0.3525785869020006,0.35179687791275416,0.35232285733333724,0.35243322467273763,0.3525092346980745,0.35224617677107045
0.3518991697402195,0.35275165354485294,0.35197025842256946,0.3525785869020006,0.35179687791275416,0.35232285733333724,0.35243322467273763,0.3525092346980745,0.35224617677107045
0.3518991697402195,0.35275165354485294,0.35197025842256946,0.3525785869020006,0.35179687791275416,0.35232285733333724,0.35243322467273763,0.3525092346980745,0.35224617677107045
0.3518991697402195,0.35179687791275416,0.35197025842256946,0.3525785869020006,0.35179687791275416,0.35232285733333724,0.35243322467273763,0.3525092346980745,0.35224617677107045
0.3518991697402195,0.35179687791275416,0.35197025842256946,0.3525785869020006,0.35179687791275416,0.35232285733333724,0.35243322467273763,0.3525092346980745,0.35224617677107045
0.3518991697402195,0.35179687791275416,0.35197025842256946,0.3525785869020006,0.35179687791275416,0.35232285733333724,0.35243322467273763,0.3525092346980745,0.35224617677107045
0.3518991697402195,0.35179687791275416,0.35197025842256946,0.35179687791275416,0.35179687791275416,0.35232285733333724,0.35243322467273763,0.3525092346980745,0.35224617677107045
0.3518991697402195,0.35179687791275416,0.35197025842256946,0.35179687791275416,0.35179687791275416,0.35232285733333724,0.3518714288586491,0.3525092346980745,0.35224617677107045
0.3518991697402195,0.35179687791275416,0.35197025842256946,0.35179687791275416,0.35179687791275416,0.35232285733333724,0.3518203592576009,0.3525092346980745,0.35224617677107045
0.3518991697402195,0.35179687791275416,0.35197025842256946,0.35179687791275416,0.35179687791275416,0.35232285733333724,0.3518203592576009,0.3518203592576009,0.35224617677107045
0.3518991697402195,0.35179687791275416,0.35197025842256946,0.35179687791275416,0.35179687791275416,0.35232285733333724,0.35232285733333724,0.3518203592576009,0.35224617677107045
0.3518991697402195,0.35179687791275416,0.35197025842256946,0.35179687791275416,0.35179687791275416,0.35232285733333724,0.3519356807250945,0.3518203592576009,0.35224617677107045
0.3518991697402195,0.35179687791275416,0.35197025842256946,0.35179687791275416,0.35179687791275416,0.35232285733333724,0.3519262881871558,0.3518203592576009,0.35224617677107045
0.3518991697402195,0.35179687791275416,0.35197025842256946,0.35179687791275416,0.35179687791275416,0.35232285733333724,0.35232285733333724,0.3518203592576009,0.35224617677107045
0.3518991697402195,0.35179687791275416,0.35197025842256946,0.35179687791275416,0.35179687791275416,0.35232285733333724,0.35213973345981653,0.3518203592576009,0.35224617677107045
0.3518991697402195,0.35179687791275416,0.35197025842256946,0.35179687791275416,0.35179687791275416,0.35232285733333724,0.3519246275936404,0.3518203592576009,0.35224617677107045
0.3518991697402195,0.35179687791275416,0.35197025842256946,0.35179687791275416,0.35179687791275416,0.3517142358254072,0.3519246275936404,0.3518203592576009,0.35224617677107045
0.3518991697402195,0.35179687791275416,0.35197025842256946,0.35179687791275416,0.35179687791275416,0.35224617677107045,0.3519246275936404,0.3518203592576009,0.35224617677107045
0.3518991697402195,0.35179687791275416,0.35197025842256946,0.35179687791275416,0.35179687791275416,0.35224617677107045,0.3519246275936404,0.3518203592576009,0.35224617677107045
0.3518991697402195,0.35179687791275416,0.35197025842256946,0.35179687791275416,0.35179687791275416,0.35224617677107045,0.3519246275936404,0.3518203592576009,0.35224617677107045
0.3518991697402195,0.35179687791275416,0.35197025842256946,0.35179687791275416,0.35179687791275416,0.3518203592576009,0.3519246275936404,0.3518203592576009,0.35224617677107045
0.3518991697402195,0.35179687791275416,0.35197025842256946,0.35179687791275416,0.35179687791275416,0.3518203592576009,0.3519246275936404,0.3518203592576009,0.35199068626298874
0.3518991697402195,0.35179687791275416,0.35197025842256946,0.35179687791275416,0.35179687791275416,0.3518203592576009,0.3519246275936404,0.3519213340590626,0.35199068626298874
0.3518991697402195,0.35179687791275416,0.35197025842256946,0.35179687791275416,0.35179687791275416,0.3518203592576009,0.3519246275936404,0.3519295051952303,0.35199068626298874
0.3518991697402195,0.35179687791275416,0.35197025842256946,0.35179687791275416,0.35179687791275416,0.3518203592576009,0.3519246275936404,0.3519295051952303,0.35199068626298874
0.3518991697402195,0.35179687791275416,0.35197025842256946,0.35179687791275416,0.35179687791275416,0.3518203592576009,0.3519246275936404,0.3518979810021829,0.35199068626298874
0.3518991697402195,0.35179687791275416,0.35197025842256946,0.35179687791275416,0.35179687791275416,0.3518203592576009,0.3519246275936404,0.3518979810021829,0.35199068626298874
0.3518991697402195,0.35179687791275416,0.35197025842256946,0.3519327987298081,0.35179687791275416,0.3518203592576009,0.3519246275936404,0.3518979810021829,0.35199068626298874
0.3518991697402195,0.35179687791275416,0.35197025842256946,0.3520046133540388,0.35179687791275416,0.3518203592576009,0.3519246275936404,0.3518979810021829,0.35199068626298874
0.3518991697402195,0.35179687791275416,0.35197025842256946,0.3519408770746353,0.35179687791275416,0.3518203592576009,0.3519246275936404,0.3518979810021829,0.35199068626298874
0.3518991697402195,0.35179687791275416,0.35197025842256946,0.3518121881214332,0.35179687791275416,0.3518203592576009,0.3519246275936404,0.3518979810021829,0.35199068626298874
0.3518991697402195,0.35179687791275416,0.35197025842256946,0.3518121881214332,0.35179687791275416,0.3519302184380523,0.3519246275936404,0.3518979810021829,0.35199068626298874
0.3518991697402195,0.35179687791275416,0.35197025842256946,0.3518121881214332,0.35179687791275416,0.3519302184380523,0.3519246275936404,0.3518979810021829,0.35199068626298874
0.3518991697402195,0.35179687791275416,0.35197025842256946,0.3518121881214332,0.35179687791275416,0.3519302184380523,0.3519246275936404,0.3518979810021829,0.35199068626298874
0.3518991697402195,0.35179687791275416,0.35197025842256946,0.35174577804039964,0.35179687791275416,0.3519302184380523,0.3519246275936404,0.3518979810021829,0.35199068626298874
0.3518991697402195,0.35179687791275416,0.35197025842256946,0.35174577804039964,0.35179687791275416,0.3519302184380523,0.3519246275936404,0.3518979810021829,0.35174577804039964
0.3518991697402195,0.35179687791275416,0.35197025842256946,0.35174577804039964,0.35179687791275416,0.3519302184380523,0.3519246275936404,0.3518979810021829,0.35199157511798024
0.3518991697402195,0.35179687791275416,0.35197025842256946,0.35199157511798024,0.35179687791275416,0.3519302184380523,0.3519246275936404,0.3518979810021829,0.35199157511798024
0.3518991697402195,0.35179687791275416,0.35197025842256946,0.35199157511798024,0.35179687791275416,0.3519302184380523,0.3519246275936404,0.3518979810021829,0.35177009890301825
0.3518991697402195,0.35179687791275416,0.35197025842256946,0.35199157511798024,0.35179687791275416,0.3519302184380523,0.3519246275936404,0.3518979810021829,0.35177009890301825
0.3518991697402195,0.35179687791275416,0.35197025842256946,0.35199157511798024,0.35179687791275416,0.3519302184380523,0.3519246275936404,0.3518979810021829,0.35177009890301825
0.3518991697402195,0.35179687791275416,0.35197025842256946,0.35199157511798024,0.35179687791275416,0.3519910996227656,0.3519246275936404,0.3518979810021829,0.35177009890301825
0.3518991697402195,0.35179687791275416,0.35197025842256946,0.35199157511798024,0.35179687791275416,0.3519910996227656,0.3519246275936404,0.3518979810021829,0.35177009890301825
0.3518991697402195,0.35179687791275416,0.35197025842256946,0.35199157511798024,0.35179687791275416,0.3519910996227656,0.3519246275936404,0.3518979810021829,0.35177009890301825
0.3518991697402195,0.35179687791275416,0.35197025842256946,0.35199157511798024,0.35179687791275416,0.3519910996227656,0.3519246275936404,0.3518979810021829,0.35177009890301825
0.3518991697402195,0.35179687791275416,0.35197025842256946,0.35199157511798024,0.35179687791275416,0.3519910996227656,0.3519246275936404,0.3518979810021829,0.35177009890301825
0.3518991697402195,0.35179687791275416,0.35197025842256946,0.35199157511798024,0.35179687791275416,0.3519910996227656,0.351918630087689,0.3518979810021829,0.35177009890301825
0.3518991697402195,0.35179687791275416,0.35197025842256946,0.35199157511798024,0.35179687791275416,0.3519910996227656,0.3519506583869941,0.3518979810021829,0.35177009890301825
0.3518991697402195,0.35179687791275416,0.35197025842256946,0.35199157511798024,0.35179687791275416,0.3519910996227656,0.35207163892580073,0.3518979810021829,0.35177009890301825
0.3518991697402195,0.35179687791275416,0.35197025842256946,0.35199157511798024,0.35179687791275416,0.3519910996227656,0.35207163892580073,0.3518979810021829,0.35177009890301825
0.3518991697402195,0.35179687791275416,0.35197025842256946,0.35199157511798024,0.35179687791275416,0.3519910996227656,0.35207163892580073,0.3518979810021829,0.35207163892580073
0.3518991697402195,0.35179687791275416,0.35197025842256946,0.35199157511798024,0.35179687791275416,0.3519910996227656,0.35207163892580073,0.3518979810021829,0.35204272795764613
0.3518991697402195,0.35179687791275416,0.35197025842256946,0.35199157511798024,0.35179687791275416,0.3519910996227656,0.35207163892580073,0.3520285372690845,0.35204272795764613
0.3518991697402195,0.35179687791275416,0.35197025842256946,0.35199157511798024,0.35179687791275416,0.3519910996227656,0.35207163892580073,0.3520285372690845,0.35204272795764613
0.3518991697402195,0.35179687791275416,0.35197025842256946,0.35199157511798024,0.35179687791275416,0.3519910996227656,0.35207163892580073,0.35191388643397564,0.35204272795764613
0.3518991697402195,0.35179687791275416,0.35197025842256946,0.35199157511798024,0.35179687791275416,0.3519910996227656,0.35207163892580073,0.3518671442170913,0.35204272795764613
0.3518991697402195,0.35179687791275416,0.35197025842256946,0.35199157511798024,0.35179687791275416,0.3519999115980587,0.35207163892580073,0.3518671442170913,0.35204272795764613
0.3518991697402195,0.35179687791275416,0.35197025842256946,0.35199157511798024,0.35179687791275416,0.3519999115980587,0.35207163892580073,0.3518671442170913,0.35204272795764613
0.3518991697402195,0.35179687791275416,0.35197025842256946,0.35199157511798024,0.35179687791275416,0.3519999115980587,0.35207163892580073,0.3518671442170913,0.35204272795764613
0.3518991697402195,0.35207163892580073,0.35197025842256946,0.35199157511798024,0.35179687791275416,0.3519999115980587,0.35207163892580073,0.3518671442170913,0.35204272795764613
0.3518991697402195,0.35207163892580073,0.35197025842256946,0.35199157511798024,0.35179687791275416,0.3519999115980587,0.35207163892580073,0.3518671442170913,0.35204272795764613
0.3518991697402195,0.35203039324360946,0.35197025842256946,0.35199157511798024,0.35179687791275416,0.3519999115980587,0.35207163892580073,0.3518671442170913,0.35204272795764613
0.3518991697402195,0.35203039324360946,0.35197025842256946,0.35199157511798024,0.35179687791275416,0.3519999115980587,0.35207163892580073,0.3518671442170913,0.35204272795764613
0.3518991697402195,0.35203039324360946,0.35197025842256946,0.35199157511798024,0.35179687791275416,0.3519999115980587,0.35207163892580073,0.3518671442170913,0.35204272795764613
0.3518991697402195,0.35203039324360946,0.35197025842256946,0.35199157511798024,0.3520435324040659,0.3519999115980587,0.35207163892580073,0.3518671442170913,0.35204272795764613
0.3518991697402195,0.35203039324360946,0.35197025842256946,0.35199157511798024,0.35183387012961226,0.3519999115980587,0.35207163892580073,0.3518671442170913,0.35204272795764613
0.3518991697402195,0.35203039324360946,0.35197025842256946,0.35199157511798024,0.35183387012961226,0.3519999115980587,0.35207163892580073,0.3518671442170913,0.35204272795764613
0.3518991697402195,0.35203039324360946,0.35197025842256946,0.35199157511798024,0.35183387012961226,0.3519999115980587,0.35207163892580073,0.3518671442170913,0.35204272795764613
0.3518991697402195,0.35203039324360946,0.35197025842256946,0.35199157511798024,0.35183387012961226,0.3519999115980587,0.35207163892580073,0.3518671442170913,0.35204272795764613
